filename,label
arc_Articlesww0043.html,Sports
arc_Articlesww0177.html,Sports
arc_Articlesww0221.html,Economy
arc_Articlesww0313.html,Economy
arc_Articlesww0406.html,Sports
arc_Articlesww0521.html,Economy
arc_Articlesww0526.html,Sports
arc_Articlesww0669.html,Sports
arc_Articlesww0683.html,Sports
arc_Articlesww069d.html,Economy
arc_Articlesww0786.html,Sports
arc_Articlesww0787.html,Economy
arc_Articlesww0842.html,Economy
arc_Articlesww1035.html,Economy
arc_Articlesww1091.html,Economy
arc_Articlesww10eb.html,Sports
arc_Articlesww1407.html,Sports
arc_Articlesww1470.html,Economy
arc_Articlesww1487.html,Sports
arc_Articlesww155d.html,Economy
arc_Articlesww1646.html,Economy
arc_Articlesww170e.html,Sports
arc_Articlesww18ba.html,Sports
arc_Articlesww2028.html,Sports
arc_Articlesww204a.html,Economy
arc_Articlesww2158.html,Sports
arc_Articlesww2179.html,Sports
arc_Articlesww225f.html,Sports
arc_Articlesww22cd.html,Sports
arc_Articlesww22ed.html,Sports
arc_Articlesww24c8.html,Sports
arc_Articlesww2795.html,Economy
arc_Articlesww283d.html,Sports
arc_Articlesww30ee.html,Sports
arc_Articlesww3105.html,Economy
arc_Articlesww3139.html,Economy
arc_Articlesww3181.html,Economy
arc_Articlesww32a8.html,Sports
arc_Articlesww33b3.html,Sports
arc_Articlesww36ee.html,Sports
arc_Articlesww3715.html,Sports
arc_Articlesww384e.html,Sports
arc_Articlesww3921.html,Economy
arc_Articlesww3990.html,Sports
arc_Articlesww3992.html,Sports
arc_Articlesww399f.html,Sports
arc_Articlesww39a9-2.html,Sports
arc_Articlesww39ec.html,Sports
arc_Articlesww4138.html,Economy
arc_Articlesww41a3.html,Sports
arc_Articlesww41d8.html,Sports
arc_Articlesww421d.html,Economy
arc_Articlesww432f.html,Sports
arc_Articlesww4422.html,Economy
arc_Articlesww4443.html,Economy
arc_Articlesww4484.html,Sports
arc_Articlesww4526.html,Economy
arc_Articlesww45e0.html,Sports
arc_Articlesww46fc.html,Sports
arc_Articlesww47cc.html,Sports
arc_Articlesww4851.html,Sports
arc_Articlesww4926.html,Sports
arc_Articlesww4939.html,Sports
arc_Articlesww494f.html,Sports
arc_Articlesww5021.html,Economy
arc_Articlesww508b.html,Sports
arc_Articlesww50df.html,Sports
arc_Articlesww50ef.html,Sports
arc_Articlesww515a.html,Sports
arc_Articlesww5246.html,Sports
arc_Articlesww528d.html,Sports
arc_Articlesww529d.html,Economy
arc_Articlesww531d.html,Sports
arc_Articlesww5341.html,Sports
arc_Articlesww544e.html,Sports
arc_Articlesww5495.html,Economy
arc_Articlesww54ac.html,Sports
arc_Articlesww550b.html,Sports
arc_Articlesww557d.html,Sports
arc_Articlesww55e8.html,Economy
arc_Articlesww55ed.html,Sports
arc_Articlesww56ce.html,Sports
arc_Articlesww58c9.html,Sports
arc_Articlesww590c.html,Sports
arc_Articlesww592c.html,Sports
arc_Articlesww5963.html,Sports
arc_Articlesww598f.html,Sports
arc_Articlesww59e4.html,Sports
arc_Articlesww6026.html,Economy
arc_Articlesww6167.html,Sports
arc_Articlesww62c8.html,Sports
arc_Articlesww6374.html,Economy
arc_Articlesww63b9-2.html,Sports
arc_Articlesww6430.html,Sports
arc_Articlesww64cb.html,Sports
arc_Articlesww64e3.html,Sports
arc_Articlesww6506.html,Sports
arc_Articlesww6523.html,Sports
arc_Articlesww6733.html,Economy
arc_Articlesww6796.html,Sports
arc_Articlesww6858.html,Economy
arc_Articlesww68af.html,Sports
arc_Articlesww693b.html,Sports
arc_Articlesww69bf.html,Sports
arc_Articlesww7283.html,Sports
arc_Articlesww7297.html,Economy
arc_Articlesww73af.html,Sports
arc_Articlesww74c2.html,Sports
arc_Articlesww75c9.html,Sports
arc_Articlesww77ea.html,Sports
arc_Articlesww7892.html,Sports
arc_Articlesww791e.html,Economy
arc_Articlesww812d.html,Sports
arc_Articlesww8156.html,Economy
arc_Articlesww8209.html,Sports
arc_Articlesww8245.html,Economy
arc_Articlesww8246.html,Sports
arc_Articlesww8372.html,Economy
arc_Articlesww8385.html,Sports
arc_Articlesww8462.html,Sports
arc_Articlesww8475.html,Sports
arc_Articlesww853f.html,Economy
arc_Articlesww8587.html,Sports
arc_Articlesww85c2.html,Economy
arc_Articlesww8677.html,Sports
arc_Articlesww86d5.html,Economy
arc_Articlesww8760.html,Sports
arc_Articlesww8769.html,Sports
arc_Articlesww8aaf.html,Sports
arc_Articlesww8ae2.html,Sports
arc_Articlesww8c61.html,Sports
arc_Articlesww8c7f.html,Sports
arc_Articlesww8d6a.html,Sports
arc_Articlesww8d6b.html,Sports
arc_Articlesww8d81.html,Sports
arc_Articlesww8e02.html,Sports
arc_Articlesww9000.html,Sports
arc_Articlesww903e.html,Sports
arc_Articlesww91c6.html,Sports
arc_Articlesww9324.html,Sports
arc_Articlesww9449.html,Sports
arc_Articlesww94cd.html,Economy
arc_Articlesww94db.html,Economy
arc_Articlesww95b7.html,Sports
arc_Articlesww9615.html,Sports
arc_Articlesww974a.html,Sports
arc_Articlesww976f.html,Economy
arc_Articlesww980e.html,Sports
arc_Articlesww9891.html,Sports
arc_Articlesww995b.html,Sports
arc_Articlesww998d.html,Economy
arc_Articlesww9afa.html,Sports
arc_Articlesww9bc1.html,Sports
arc_Articlesww9c2d.html,Sports
arc_Articlesww9ca2.html,Sports
arc_Articlesww9d54.html,Sports
arc_Articlesww9f81.html,Sports
arc_Articlesww9fe2.html,Sports
arc_Articleswwa0db.html,Sports
arc_Articleswwa12d.html,Sports
arc_Articleswwa15f.html,Sports
arc_Articleswwa241.html,Economy
arc_Articleswwa247.html,Economy
arc_Articleswwa264.html,Sports
arc_Articleswwa27e.html,Economy
arc_Articleswwa34a.html,Economy
arc_Articleswwa409.html,Sports
arc_Articleswwa40f.html,Economy
arc_Articleswwa5a7.html,Sports
arc_Articleswwa5ba.html,Sports
arc_Articleswwa6c4.html,Economy
arc_Articleswwa722.html,Economy
arc_Articleswwa771.html,Sports
arc_Articleswwa7cb.html,Sports
arc_Articleswwa858.html,Sports
arc_Articleswwa935.html,Economy
arc_Articleswwa947-2.html,Economy
arc_Articleswwa94e.html,Sports
arc_Articleswwa99a.html,Sports
arc_Articleswwaa3f.html,Sports
arc_Articleswwaae4.html,Sports
arc_Articleswwaafe.html,Sports
arc_Articleswwad8d.html,Sports
arc_Articleswwae34.html,Economy
arc_Articleswwae60.html,Sports
arc_Articleswwae7b.html,Sports
arc_Articleswwaee7.html,Sports
arc_Articleswwaf0c.html,Sports
arc_Articleswwafb3.html,Economy
arc_Articleswwaff9.html,Economy
arc_Articleswwb036.html,Economy
arc_Articleswwb198.html,Sports
arc_Articleswwb1b4.html,Economy
arc_Articleswwb2f5.html,Economy
arc_Articleswwb65d.html,Sports
arc_Articleswwb6a6.html,Sports
arc_Articleswwb6ac.html,Economy
arc_Articleswwb7d3.html,Economy
arc_Articleswwb823.html,Economy
arc_Articleswwb8ca.html,Economy
arc_Articleswwb8d7.html,Economy
arc_Articleswwb960.html,Sports
arc_Articleswwb999.html,Economy
arc_Articleswwba7b.html,Sports
arc_Articleswwbaad.html,Economy
arc_Articleswwbad3.html,Economy
arc_Articleswwbd22.html,Sports
arc_Articleswwbd8d.html,Sports
arc_Articleswwbed4.html,Sports
arc_Articleswwbf63.html,Sports
arc_Articleswwbfea.html,Sports
arc_Articleswwc025.html,Economy
arc_Articleswwc0b6.html,Sports
arc_Articleswwc214.html,Economy
arc_Articleswwc290.html,Economy
arc_Articleswwc2c0.html,Economy
arc_Articleswwc2dc.html,Sports
arc_Articleswwc2f3.html,Sports
arc_Articleswwc3fd.html,Sports
arc_Articleswwc55d.html,Sports
arc_Articleswwc566.html,Economy
arc_Articleswwc599.html,Economy
arc_Articleswwc8bc.html,Economy
arc_Articleswwc8e1.html,Sports
arc_Articleswwc9b5.html,Sports
arc_Articleswwca3b-2.html,Economy
arc_Articleswwcaf9.html,Sports
arc_Articleswwcd83.html,Economy
arc_Articleswwce37.html,Economy
arc_Articleswwce5b.html,Economy
arc_Articleswwcf78.html,Sports
arc_Articleswwd135.html,Economy
arc_Articleswwd143.html,Sports
arc_Articleswwd271.html,Sports
arc_Articleswwd2d1.html,Economy
arc_Articleswwd2d4.html,Sports
arc_Articleswwd33c.html,Sports
arc_Articleswwd34b.html,Economy
arc_Articleswwd3ca.html,Economy
arc_Articleswwd400.html,Economy
arc_Articleswwd51f.html,Economy
arc_Articleswwd520.html,Sports
arc_Articleswwd59c.html,Economy
arc_Articleswwd5fd.html,Sports
arc_Articleswwd785.html,Sports
arc_Articleswwd7b5.html,Sports
arc_Articleswwd827.html,Sports
arc_Articleswwd8b4.html,Sports
arc_Articleswwd937.html,Sports
arc_Articleswwd965.html,Economy
arc_Articleswwdb29.html,Economy
arc_Articleswwdb5a.html,Sports
arc_Articleswwdb66.html,Economy
arc_Articleswwdc13.html,Economy
arc_Articleswwdc35.html,Sports
arc_Articleswwdc87.html,Economy
arc_Articleswwddcd.html,Economy
arc_Articleswwde4b.html,Sports
arc_Articleswwded3.html,Economy
arc_Articleswwe043.html,Sports
arc_Articleswwe08b.html,Sports
arc_Articleswwe0b6.html,Economy
arc_Articleswwe1a7.html,Economy
arc_Articleswwe3cd.html,Economy
arc_Articleswwe3f7.html,Sports
arc_Articleswwe534.html,Sports
arc_Articleswwe54c.html,Economy
arc_Articleswwe5a3.html,Sports
arc_Articleswwe5b9.html,Economy
arc_Articleswwe619.html,Sports
arc_Articleswwe62d.html,Sports
arc_Articleswwe64e.html,Sports
arc_Articleswwe739.html,Economy
arc_Articleswwe7b4.html,Sports
arc_Articleswwe83e.html,Economy
arc_Articleswwe8f3.html,Economy
arc_Articleswwe925.html,Sports
arc_Articleswwe959.html,Sports
arc_Articleswwe975.html,Economy
arc_Articleswwe99b.html,Economy
arc_Articleswwea01.html,Economy
arc_Articleswwea43.html,Sports
arc_Articleswwea5b.html,Sports
arc_Articleswwea72.html,Economy
arc_Articleswweab6.html,Economy
arc_Articleswwebe0.html,Sports
arc_Articleswwecb1.html,Sports
arc_Articleswwece3.html,Sports
arc_Articleswwed19.html,Sports
arc_Articleswwed44.html,Economy
arc_Articleswwedd7.html,Sports
arc_Articleswwee44.html,Sports
arc_Articleswweefe.html,Economy
arc_Articleswwf024.html,Sports
arc_Articleswwf057.html,Economy
arc_Articleswwf23d.html,Economy
arc_Articleswwf2d0.html,Economy
arc_Articleswwf316.html,Sports
arc_Articleswwf488.html,Sports
arc_Articleswwf498.html,Sports
arc_Articleswwf584.html,Sports
arc_Articleswwf5b8.html,Economy
arc_Articleswwf5df.html,Economy
arc_Articleswwf616.html,Sports
arc_Articleswwf65e.html,Sports
arc_Articleswwf6b9.html,Economy
arc_Articleswwf6ca.html,Sports
arc_Articleswwf70f.html,Sports
arc_Articleswwf7b3.html,Sports
arc_Articleswwf7c6.html,Sports
arc_Articleswwf7f8.html,Sports
arc_Articleswwf906.html,Sports
arc_Articleswwfa52.html,Sports
arc_Articleswwfa9e.html,Sports
arc_Articleswwfb22.html,Economy
arc_Articleswwfb2c.html,Economy
arc_Articleswwfc39.html,Economy
arc_Articleswwfc9a.html,Sports
arc_Articleswwfd34.html,Economy
arc_Articleswwfdc3.html,Sports
arc_Articleswwfdff.html,Sports
arc_Articleswwfee2.html,Economy
arc_Articleswwff33.html,Sports
arc_Articlesxx000b.html,Sports
arc_Articlesxx00d7.html,Economy
arc_Articlesxx00e2.html,Economy
arc_Articlesxx013f.html,Sports
arc_Articlesxx0147.html,Economy
arc_Articlesxx029b.html,Sports
arc_Articlesxx0339.html,Sports
arc_Articlesxx0368.html,Sports
arc_Articlesxx042e.html,Economy
arc_Articlesxx04ac.html,Sports
arc_Articlesxx04eb.html,Economy
arc_Articlesxx0534.html,Economy
arc_Articlesxx054a.html,Economy
arc_Articlesxx055e.html,Economy
arc_Articlesxx058e.html,Sports
arc_Articlesxx05af.html,Sports
arc_Articlesxx0638.html,Sports
arc_Articlesxx0691.html,Sports
arc_Articlesxx0768.html,Sports
arc_Articlesxx07b7.html,Sports
arc_Articlesxx0833.html,Sports
arc_Articlesxx0868.html,Sports
arc_Articlesxx088d.html,Sports
arc_Articlesxx09b5.html,Sports
arc_Articlesxx09d3.html,Economy
arc_Articlesxx0ae2.html,Sports
arc_Articlesxx0afd.html,Sports
arc_Articlesxx0b16.html,Economy
arc_Articlesxx0b29.html,Economy
arc_Articlesxx0b72.html,Economy
arc_Articlesxx0bb3.html,Sports
arc_Articlesxx0c0f.html,Sports
arc_Articlesxx0c5b.html,Economy
arc_Articlesxx0c8b.html,Sports
arc_Articlesxx0c95.html,Economy
arc_Articlesxx0d2d.html,Economy
arc_Articlesxx0d8c.html,Sports
arc_Articlesxx0dda.html,Economy
arc_Articlesxx0e36.html,Sports
arc_Articlesxx0e8c.html,Sports
arc_Articlesxx0ef1.html,Sports
arc_Articlesxx0f2a.html,Sports
arc_Articlesxx0f9e.html,Sports
arc_Articlesxx0fb5.html,Sports
arc_Articlesxx1001.html,Sports
arc_Articlesxx107b.html,Economy
arc_Articlesxx1157.html,Sports
arc_Articlesxx1161.html,Sports
arc_Articlesxx11ef.html,Sports
arc_Articlesxx1254.html,Economy
arc_Articlesxx129a.html,Sports
arc_Articlesxx138c.html,Sports
arc_Articlesxx139c.html,Sports
arc_Articlesxx13ae.html,Sports
arc_Articlesxx13ff.html,Sports
arc_Articlesxx1407.html,Sports
arc_Articlesxx14e0.html,Sports
arc_Articlesxx1627.html,Sports
arc_Articlesxx1642.html,Sports
arc_Articlesxx165a.html,Sports
arc_Articlesxx167d.html,Sports
arc_Articlesxx16d6.html,Sports
arc_Articlesxx16f9.html,Economy
arc_Articlesxx1729.html,Sports
arc_Articlesxx1783.html,Sports
arc_Articlesxx181f.html,Sports
arc_Articlesxx191d.html,Economy
arc_Articlesxx192d.html,Sports
arc_Articlesxx199d.html,Economy
arc_Articlesxx19b4-2.html,Sports
arc_Articlesxx19b4.html,Sports
arc_Articlesxx19f6.html,Economy
arc_Articlesxx1a30.html,Sports
arc_Articlesxx1a3a.html,Economy
arc_Articlesxx1a8c.html,Economy
arc_Articlesxx1ab8.html,Sports
arc_Articlesxx1b04.html,Sports
arc_Articlesxx1bb3.html,Sports
arc_Articlesxx1c3f.html,Sports
arc_Articlesxx1caa.html,Sports
arc_Articlesxx1cc3.html,Sports
arc_Articlesxx1d77.html,Sports
arc_Articlesxx1e21.html,Sports
arc_Articlesxx1e28.html,Economy
arc_Articlesxx1ec9.html,Sports
arc_Articlesxx1f42.html,Sports
arc_Articlesxx1fa2.html,Sports
arc_Articlesxx2000.html,Sports
arc_Articlesxx2017.html,Economy
arc_Articlesxx2031.html,Sports
arc_Articlesxx210c.html,Sports
arc_Articlesxx21a2.html,Economy
arc_Articlesxx21b1.html,Economy
arc_Articlesxx21d1.html,Sports
arc_Articlesxx225f.html,Economy
arc_Articlesxx2272.html,Sports
arc_Articlesxx22ac.html,Economy
arc_Articlesxx22ce.html,Economy
arc_Articlesxx230b.html,Economy
arc_Articlesxx235a.html,Sports
arc_Articlesxx235e.html,Sports
arc_Articlesxx238d.html,Economy
arc_Articlesxx23dc.html,Economy
arc_Articlesxx23ef.html,Sports
arc_Articlesxx240a.html,Sports
arc_Articlesxx2469.html,Economy
arc_Articlesxx249a.html,Economy
arc_Articlesxx24c2.html,Economy
arc_Articlesxx2520.html,Sports
arc_Articlesxx253b.html,Sports
arc_Articlesxx259b.html,Sports
arc_Articlesxx2622.html,Sports
arc_Articlesxx264d.html,Sports
arc_Articlesxx267f.html,Sports
arc_Articlesxx26b0.html,Sports
arc_Articlesxx26e3.html,Sports
arc_Articlesxx26fa.html,Sports
arc_Articlesxx2829.html,Sports
arc_Articlesxx2a8f.html,Sports
arc_Articlesxx2a9b.html,Sports
arc_Articlesxx2bb4.html,Sports
arc_Articlesxx2d14.html,Economy
arc_Articlesxx2dcb.html,Sports
arc_Articlesxx2e2a.html,Economy
arc_Articlesxx2e57.html,Economy
arc_Articlesxx2ea2.html,Sports
arc_Articlesxx2ea9.html,Economy
arc_Articlesxx2f16.html,Economy
arc_Articlesxx2f32.html,Sports
arc_Articlesxx2f4d.html,Economy
arc_Articlesxx307a.html,Economy
arc_Articlesxx3146.html,Sports
arc_Articlesxx319b.html,Economy
arc_Articlesxx3209.html,Sports
arc_Articlesxx322b.html,Economy
arc_Articlesxx322c.html,Economy
arc_Articlesxx327d.html,Sports
arc_Articlesxx3283.html,Sports
arc_Articlesxx328c.html,Sports
arc_Articlesxx32e1.html,Sports
arc_Articlesxx330a.html,Economy
arc_Articlesxx3395.html,Sports
arc_Articlesxx3459.html,Sports
arc_Articlesxx3487.html,Sports
arc_Articlesxx34a5.html,Sports
arc_Articlesxx34c8.html,Economy
arc_Articlesxx3546.html,Sports
arc_Articlesxx35af.html,Sports
arc_Articlesxx3695.html,Sports
arc_Articlesxx36e5.html,Sports
arc_Articlesxx3772.html,Economy
arc_Articlesxx379c.html,Economy
arc_Articlesxx38ae.html,Sports
arc_Articlesxx39b6.html,Economy
arc_Articlesxx3a5f.html,Sports
arc_Articlesxx3ac6.html,Economy
arc_Articlesxx3b25.html,Sports
arc_Articlesxx3bdc.html,Economy
arc_Articlesxx3c40.html,Sports
arc_Articlesxx3c62.html,Sports
arc_Articlesxx3cab.html,Sports
arc_Articlesxx3d23.html,Economy
arc_Articlesxx3e75.html,Economy
arc_Articlesxx3f35.html,Economy
arc_Articlesxx3fba.html,Economy
arc_Articlesxx3fc8.html,Economy
arc_Articlesxx3ff0.html,Sports
arc_Articlesxx407f.html,Sports
arc_Articlesxx41ad.html,Sports
arc_Articlesxx41b6.html,Sports
arc_Articlesxx41ce.html,Economy
arc_Articlesxx41de.html,Economy
arc_Articlesxx41e4.html,Sports
arc_Articlesxx422a.html,Sports
arc_Articlesxx4270.html,Sports
arc_Articlesxx4293.html,Sports
arc_Articlesxx42ce.html,Economy
arc_Articlesxx4335.html,Sports
arc_Articlesxx4369.html,Sports
arc_Articlesxx43b4.html,Economy
arc_Articlesxx43de.html,Sports
arc_Articlesxx4491.html,Sports
arc_Articlesxx4498.html,Economy
arc_Articlesxx44bb.html,Economy
arc_Articlesxx44d4.html,Sports
arc_Articlesxx4594.html,Sports
arc_Articlesxx459b.html,Sports
arc_Articlesxx4608.html,Sports
arc_Articlesxx4618.html,Sports
arc_Articlesxx461f.html,Economy
arc_Articlesxx469b.html,Sports
arc_Articlesxx46c5.html,Economy
arc_Articlesxx46f8.html,Economy
arc_Articlesxx4712.html,Economy
arc_Articlesxx4714.html,Economy
arc_Articlesxx4754.html,Economy
arc_Articlesxx4849.html,Economy
arc_Articlesxx485f.html,Sports
arc_Articlesxx49a8.html,Economy
arc_Articlesxx49ad.html,Sports
arc_Articlesxx49af.html,Economy
arc_Articlesxx49f1.html,Economy
arc_Articlesxx4a33.html,Sports
arc_Articlesxx4a89.html,Sports
arc_Articlesxx4ab9.html,Sports
arc_Articlesxx4b9e.html,Sports
arc_Articlesxx4bd5.html,Sports
arc_Articlesxx4cd5.html,Economy
arc_Articlesxx4cdf.html,Sports
arc_Articlesxx4d31.html,Economy
arc_Articlesxx4d35.html,Sports
arc_Articlesxx4d8e.html,Economy
arc_Articlesxx4d95.html,Sports
arc_Articlesxx4e08.html,Sports
arc_Articlesxx4eca.html,Economy
arc_Articlesxx4ed4.html,Economy
arc_Articlesxx4ee6.html,Sports
arc_Articlesxx4f1d.html,Economy
arc_Articlesxx502d.html,Sports
arc_Articlesxx5095.html,Sports
arc_Articlesxx5096.html,Sports
arc_Articlesxx509e.html,Economy
arc_Articlesxx50e3.html,Sports
arc_Articlesxx5108.html,Economy
arc_Articlesxx5130.html,Economy
arc_Articlesxx519a.html,Sports
arc_Articlesxx51a4.html,Sports
arc_Articlesxx51d7.html,Economy
arc_Articlesxx51f1.html,Sports
arc_Articlesxx5239.html,Sports
arc_Articlesxx52f3.html,Sports
arc_Articlesxx535a.html,Economy
arc_Articlesxx538b.html,Economy
arc_Articlesxx5391.html,Economy
arc_Articlesxx53ef.html,Sports
arc_Articlesxx545e.html,Sports
arc_Articlesxx547a.html,Economy
arc_Articlesxx547d.html,Sports
arc_Articlesxx5550.html,Sports
arc_Articlesxx557b.html,Sports
arc_Articlesxx55c9.html,Sports
arc_Articlesxx562f.html,Economy
arc_Articlesxx570a.html,Sports
arc_Articlesxx572d.html,Sports
arc_Articlesxx581e.html,Sports
arc_Articlesxx5855.html,Economy
arc_Articlesxx58d0.html,Economy
arc_Articlesxx59c4.html,Economy
arc_Articlesxx59ed.html,Sports
arc_Articlesxx59f6.html,Economy
arc_Articlesxx59fa.html,Sports
arc_Articlesxx5a9c.html,Economy
arc_Articlesxx5b5a.html,Sports
arc_Articlesxx5b82.html,Sports
arc_Articlesxx5bb5.html,Economy
arc_Articlesxx5cb1.html,Sports
arc_Articlesxx5cf7.html,Sports
arc_Articlesxx5d8f.html,Sports
arc_Articlesxx5e42.html,Economy
arc_Articlesxx5e5d.html,Sports
arc_Articlesxx5e70.html,Economy
arc_Articlesxx5f30.html,Economy
arc_Articlesxx5f77.html,Sports
arc_Articlesxx5f96.html,Sports
arc_Articlesxx6056.html,Economy
arc_Articlesxx6073.html,Sports
arc_Articlesxx60a5.html,Economy
arc_Articlesxx6104.html,Sports
arc_Articlesxx6111.html,Sports
arc_Articlesxx6202.html,Economy
arc_Articlesxx6231.html,Sports
arc_Articlesxx625d.html,Sports
arc_Articlesxx6293.html,Sports
arc_Articlesxx62dc.html,Economy
arc_Articlesxx630f.html,Sports
arc_Articlesxx6324.html,Economy
arc_Articlesxx63d7.html,Economy
arc_Articlesxx63dd.html,Economy
arc_Articlesxx63ff.html,Sports
arc_Articlesxx6412.html,Economy
arc_Articlesxx64e2.html,Sports
arc_Articlesxx6558.html,Economy
arc_Articlesxx6616.html,Sports
arc_Articlesxx6630.html,Sports
arc_Articlesxx6656.html,Sports
arc_Articlesxx6679.html,Sports
arc_Articlesxx66cd.html,Sports
arc_Articlesxx66da.html,Sports
arc_Articlesxx6758.html,Sports
arc_Articlesxx6768.html,Economy
arc_Articlesxx678a.html,Sports
arc_Articlesxx6799.html,Sports
arc_Articlesxx67c0.html,Sports
arc_Articlesxx67e1.html,Economy
arc_Articlesxx6827.html,Economy
arc_Articlesxx68a5.html,Economy
arc_Articlesxx68c6.html,Economy
arc_Articlesxx6924.html,Economy
arc_Articlesxx6942.html,Sports
arc_Articlesxx69c7.html,Sports
arc_Articlesxx6ab4.html,Sports
arc_Articlesxx6af6.html,Sports
arc_Articlesxx6b15.html,Sports
arc_Articlesxx6b2b.html,Sports
arc_Articlesxx6b4a.html,Economy
arc_Articlesxx6bc9.html,Sports
arc_Articlesxx6bec.html,Sports
arc_Articlesxx6c9d.html,Sports
arc_Articlesxx6d0c.html,Sports
arc_Articlesxx6d82.html,Sports
arc_Articlesxx6dec.html,Sports
arc_Articlesxx6e7b.html,Economy
arc_Articlesxx6f49.html,Sports
arc_Articlesxx6fa5.html,Sports
arc_Articlesxx6fc3.html,Sports
arc_Articlesxx6fc5.html,Sports
arc_Articlesxx6fd1.html,Economy
arc_Articlesxx6fd9.html,Sports
arc_Articlesxx70ad.html,Economy
arc_Articlesxx70e8.html,Sports
arc_Articlesxx7100.html,Sports
arc_Articlesxx713b.html,Economy
arc_Articlesxx7141.html,Economy
arc_Articlesxx720d.html,Sports
arc_Articlesxx7268.html,Economy
arc_Articlesxx72a2.html,Economy
arc_Articlesxx72b7.html,Sports
arc_Articlesxx7310.html,Sports
arc_Articlesxx733b.html,Sports
arc_Articlesxx7353.html,Sports
arc_Articlesxx7362.html,Sports
arc_Articlesxx73bd.html,Sports
arc_Articlesxx7594.html,Sports
arc_Articlesxx7670.html,Sports
arc_Articlesxx76d1.html,Sports
arc_Articlesxx7726.html,Economy
arc_Articlesxx7874.html,Economy
arc_Articlesxx7890.html,Economy
arc_Articlesxx78a6.html,Sports
arc_Articlesxx78b8.html,Economy
arc_Articlesxx79f2.html,Sports
arc_Articlesxx7a66.html,Sports
arc_Articlesxx7b02.html,Economy
arc_Articlesxx7b0f.html,Economy
arc_Articlesxx7b15.html,Sports
arc_Articlesxx7b1b.html,Sports
arc_Articlesxx7bd1.html,Sports
arc_Articlesxx7bf2.html,Sports
arc_Articlesxx7c3a.html,Sports
arc_Articlesxx7cf8.html,Economy
arc_Articlesxx7d69.html,Economy
arc_Articlesxx7dff.html,Economy
arc_Articlesxx7e0e.html,Economy
arc_Articlesxx7e91.html,Economy
arc_Articlesxx7ee7.html,Sports
arc_Articlesxx7f03.html,Economy
arc_Articlesxx7f08.html,Sports
arc_Articlesxx8025.html,Economy
arc_Articlesxx8056.html,Sports
arc_Articlesxx80be.html,Sports
arc_Articlesxx8101.html,Sports
arc_Articlesxx81aa.html,Economy
arc_Articlesxx81bc.html,Sports
arc_Articlesxx81f2.html,Sports
arc_Articlesxx821b.html,Sports
arc_Articlesxx8241.html,Economy
arc_Articlesxx8257.html,Sports
arc_Articlesxx8274.html,Economy
arc_Articlesxx828e.html,Sports
arc_Articlesxx82fe.html,Sports
arc_Articlesxx8331.html,Sports
arc_Articlesxx83bd.html,Sports
arc_Articlesxx83fd.html,Sports
arc_Articlesxx8508.html,Sports
arc_Articlesxx854c.html,Economy
arc_Articlesxx859a.html,Economy
arc_Articlesxx85b3.html,Sports
arc_Articlesxx8647.html,Sports
arc_Articlesxx8662.html,Economy
arc_Articlesxx86ef.html,Sports
arc_Articlesxx8783.html,Sports
arc_Articlesxx8798.html,Sports
arc_Articlesxx88fd.html,Sports
arc_Articlesxx890b.html,Sports
arc_Articlesxx8934.html,Economy
arc_Articlesxx8a5b.html,Economy
arc_Articlesxx8a7b.html,Sports
arc_Articlesxx8a91.html,Economy
arc_Articlesxx8ada.html,Sports
arc_Articlesxx8d85.html,Economy
arc_Articlesxx8e44.html,Economy
arc_Articlesxx8ef6.html,Sports
arc_Articlesxx8fb1.html,Economy
arc_Articlesxx8fe6.html,Sports
arc_Articlesxx8ff4.html,Sports
arc_Articlesxx90af.html,Economy
arc_Articlesxx90bf.html,Economy
arc_Articlesxx90dd.html,Economy
arc_Articlesxx9181.html,Sports
arc_Articlesxx9185.html,Sports
arc_Articlesxx918c.html,Sports
arc_Articlesxx91be.html,Sports
arc_Articlesxx91e8.html,Sports
arc_Articlesxx9243.html,Sports
arc_Articlesxx92cf.html,Sports
arc_Articlesxx9351.html,Economy
arc_Articlesxx9357.html,Sports
arc_Articlesxx937f.html,Economy
arc_Articlesxx9407.html,Sports
arc_Articlesxx9422-2.html,Sports
arc_Articlesxx9422.html,Economy
arc_Articlesxx9475.html,Sports
arc_Articlesxx9494.html,Economy
arc_Articlesxx94b3.html,Economy
arc_Articlesxx94da.html,Economy
arc_Articlesxx94f3.html,Economy
arc_Articlesxx9508.html,Sports
arc_Articlesxx9595.html,Economy
arc_Articlesxx95e4.html,Sports
arc_Articlesxx9617.html,Economy
arc_Articlesxx9643.html,Sports
arc_Articlesxx9668.html,Economy
arc_Articlesxx96a7.html,Economy
arc_Articlesxx9720.html,Sports
arc_Articlesxx9761.html,Sports
arc_Articlesxx98ac.html,Sports
arc_Articlesxx9992.html,Economy
arc_Articlesxx99a7.html,Economy
arc_Articlesxx9a02.html,Sports
arc_Articlesxx9a9d.html,Sports
arc_Articlesxx9abc.html,Sports
arc_Articlesxx9abe.html,Sports
arc_Articlesxx9af3.html,Sports
arc_Articlesxx9b0b.html,Sports
arc_Articlesxx9b53.html,Economy
arc_Articlesxx9b6b.html,Sports
arc_Articlesxx9b6f.html,Economy
arc_Articlesxx9c39.html,Economy
arc_Articlesxx9c42.html,Sports
arc_Articlesxx9cd2.html,Sports
arc_Articlesxx9d28.html,Sports
arc_Articlesxx9d2c.html,Sports
arc_Articlesxx9d81.html,Economy
arc_Articlesxx9db3.html,Economy
arc_Articlesxx9e02.html,Sports
arc_Articlesxx9e38.html,Economy
arc_Articlesxx9f12.html,Sports
arc_Articlesxx9f4b.html,Sports
arc_Articlesxx9f6c.html,Sports
arc_Articlesxx9fc9.html,Economy
arc_Articlesxxa0ae.html,Sports
arc_Articlesxxa119-2.html,Sports
arc_Articlesxxa2a1.html,Economy
arc_Articlesxxa2be.html,Economy
arc_Articlesxxa311.html,Sports
arc_Articlesxxa328.html,Sports
arc_Articlesxxa40a.html,Sports
arc_Articlesxxa445.html,Economy
arc_Articlesxxa466.html,Economy
arc_Articlesxxa4b1.html,Sports
arc_Articlesxxa533.html,Sports
arc_Articlesxxa595.html,Sports
arc_Articlesxxa5a8.html,Economy
arc_Articlesxxa61e.html,Sports
arc_Articlesxxa6ad.html,Economy
arc_Articlesxxa751.html,Economy
arc_Articlesxxa7d9.html,Sports
arc_Articlesxxa866.html,Sports
arc_Articlesxxaa3e.html,Economy
arc_Articlesxxabc3.html,Economy
arc_Articlesxxad40.html,Economy
arc_Articlesxxad8b.html,Economy
arc_Articlesxxadef.html,Sports
arc_Articlesxxae00.html,Sports
arc_Articlesxxaec4.html,Economy
arc_Articlesxxb08c.html,Sports
arc_Articlesxxb090.html,Sports
arc_Articlesxxb09b.html,Sports
arc_Articlesxxb0ed.html,Sports
arc_Articlesxxb146.html,Sports
arc_Articlesxxb1db.html,Economy
arc_Articlesxxb1e0.html,Sports
arc_Articlesxxb23f.html,Sports
arc_Articlesxxb24f.html,Sports
arc_Articlesxxb33d.html,Economy
arc_Articlesxxb3e1.html,Sports
arc_Articlesxxb527.html,Economy
arc_Articlesxxb705.html,Sports
arc_Articlesxxb723.html,Sports
arc_Articlesxxb832.html,Sports
arc_Articlesxxb852.html,Sports
arc_Articlesxxb8be.html,Sports
arc_Articlesxxb8d7.html,Economy
arc_Articlesxxb8e9.html,Sports
arc_Articlesxxb8fc.html,Sports
arc_Articlesxxba49.html,Sports
arc_Articlesxxba65.html,Sports
arc_Articlesxxbb61.html,Sports
arc_Articlesxxbbaa.html,Economy
arc_Articlesxxbc1e.html,Sports
arc_Articlesxxbca9.html,Economy
arc_Articlesxxbced.html,Sports
arc_Articlesxxbd25.html,Sports
arc_Articlesxxbdb7.html,Sports
arc_Articlesxxbe17.html,Sports
arc_Articlesxxbe6f.html,Sports
arc_Articlesxxbed2.html,Economy
arc_Articlesxxbf93.html,Sports
arc_Articlesxxbfbc.html,Sports
arc_Articlesxxbfee.html,Sports
arc_Articlesxxc029.html,Sports
arc_Articlesxxc04c.html,Sports
arc_Articlesxxc0e5.html,Sports
arc_Articlesxxc106.html,Sports
arc_Articlesxxc157.html,Sports
arc_Articlesxxc22a.html,Economy
arc_Articlesxxc273.html,Sports
arc_Articlesxxc28c.html,Sports
arc_Articlesxxc316.html,Economy
arc_Articlesxxc36d.html,Sports
arc_Articlesxxc3de.html,Economy
arc_Articlesxxc438.html,Economy
arc_Articlesxxc471.html,Sports
arc_Articlesxxc478.html,Sports
arc_Articlesxxc496.html,Economy
arc_Articlesxxc4cd.html,Economy
arc_Articlesxxc4f2.html,Economy
arc_Articlesxxc52f.html,Sports
arc_Articlesxxc5d3.html,Economy
arc_Articlesxxc5dd.html,Economy
arc_Articlesxxc60d.html,Sports
arc_Articlesxxc618.html,Sports
arc_Articlesxxc764.html,Economy
arc_Articlesxxc765.html,Economy
arc_Articlesxxc79a.html,Economy
arc_Articlesxxc858.html,Sports
arc_Articlesxxc885.html,Sports
arc_Articlesxxc8f7.html,Economy
arc_Articlesxxc9de.html,Sports
arc_Articlesxxca31.html,Sports
arc_Articlesxxcb3a.html,Economy
arc_Articlesxxcb5d.html,Economy
arc_Articlesxxcb65.html,Economy
arc_Articlesxxccf7.html,Economy
arc_Articlesxxcdd9.html,Economy
arc_Articlesxxce0a.html,Sports
arc_Articlesxxce0d.html,Economy
arc_Articlesxxce6b.html,Sports
arc_Articlesxxcea9.html,Sports
arc_Articlesxxcf51.html,Economy
arc_Articlesxxcf70.html,Sports
arc_Articlesxxcf85.html,Sports
arc_Articlesxxcfdd.html,Economy
arc_Articlesxxcfe7.html,Economy
arc_Articlesxxcffc.html,Sports
arc_Articlesxxd031.html,Sports
arc_Articlesxxd0ad.html,Sports
arc_Articlesxxd0b5.html,Sports
arc_Articlesxxd0d2.html,Economy
arc_Articlesxxd172.html,Economy
arc_Articlesxxd1ff.html,Sports
arc_Articlesxxd20a.html,Sports
arc_Articlesxxd2c4.html,Sports
arc_Articlesxxd36d.html,Sports
arc_Articlesxxd3d8.html,Sports
arc_Articlesxxd427.html,Economy
arc_Articlesxxd431.html,Sports
arc_Articlesxxd445.html,Sports
arc_Articlesxxd44e.html,Sports
arc_Articlesxxd47f.html,Sports
arc_Articlesxxd485.html,Sports
arc_Articlesxxd512.html,Economy
arc_Articlesxxd521.html,Sports
arc_Articlesxxd527.html,Economy
arc_Articlesxxd583.html,Sports
arc_Articlesxxd5f8.html,Sports
arc_Articlesxxd665.html,Sports
arc_Articlesxxd68b.html,Sports
arc_Articlesxxd6c2.html,Sports
arc_Articlesxxd6e0.html,Sports
arc_Articlesxxd710.html,Sports
arc_Articlesxxd798.html,Sports
arc_Articlesxxd7f0.html,Sports
arc_Articlesxxd873.html,Economy
arc_Articlesxxd87c.html,Sports
arc_Articlesxxd8f4.html,Sports
arc_Articlesxxd8f9.html,Sports
arc_Articlesxxd988.html,Economy
arc_Articlesxxda4b.html,Economy
arc_Articlesxxda58.html,Sports
arc_Articlesxxda71.html,Economy
arc_Articlesxxdaa3.html,Sports
arc_Articlesxxdac2.html,Economy
arc_Articlesxxdb13.html,Economy
arc_Articlesxxdb1f.html,Economy
arc_Articlesxxdb30.html,Economy
arc_Articlesxxdb62.html,Economy
arc_Articlesxxdbbf.html,Economy
arc_Articlesxxdc70.html,Sports
arc_Articlesxxdc99.html,Sports
arc_Articlesxxdd68.html,Economy
arc_Articlesxxdd76.html,Sports
arc_Articlesxxddc9.html,Economy
arc_Articlesxxdebe.html,Economy
arc_Articlesxxded0.html,Sports
arc_Articlesxxdf92.html,Sports
arc_Articlesxxdfda.html,Economy
arc_Articlesxxdfe3.html,Sports
arc_Articlesxxe0b5.html,Sports
arc_Articlesxxe115.html,Sports
arc_Articlesxxe16d.html,Economy
arc_Articlesxxe17c.html,Sports
arc_Articlesxxe2e8.html,Sports
arc_Articlesxxe2f1.html,Sports
arc_Articlesxxe312.html,Sports
arc_Articlesxxe377.html,Sports
arc_Articlesxxe37b.html,Economy
arc_Articlesxxe37f.html,Economy
arc_Articlesxxe3ca.html,Sports
arc_Articlesxxe432.html,Sports
arc_Articlesxxe456.html,Economy
arc_Articlesxxe470.html,Economy
arc_Articlesxxe4a3.html,Sports
arc_Articlesxxe4a7.html,Economy
arc_Articlesxxe4e4.html,Economy
arc_Articlesxxe4e9.html,Sports
arc_Articlesxxe673.html,Economy
arc_Articlesxxe748.html,Economy
arc_Articlesxxe7e0.html,Sports
arc_Articlesxxe7e2.html,Sports
arc_Articlesxxe833.html,Economy
arc_Articlesxxe87c.html,Economy
arc_Articlesxxe87f.html,Sports
arc_Articlesxxe8c7.html,Sports
arc_Articlesxxea80.html,Sports
arc_Articlesxxea94.html,Sports
arc_Articlesxxeaab.html,Sports
arc_Articlesxxeb0a.html,Sports
arc_Articlesxxeb67.html,Economy
arc_Articlesxxebbe.html,Sports
arc_Articlesxxebc7.html,Sports
arc_Articlesxxebf4.html,Sports
arc_Articlesxxec63.html,Sports
arc_Articlesxxec74.html,Sports
arc_Articlesxxec84.html,Sports
arc_Articlesxxeca9.html,Economy
arc_Articlesxxed20.html,Sports
arc_Articlesxxed38.html,Economy
arc_Articlesxxed3c.html,Economy
arc_Articlesxxed96.html,Sports
arc_Articlesxxedab.html,Sports
arc_Articlesxxedad.html,Economy
arc_Articlesxxedcb.html,Economy
arc_Articlesxxeddb.html,Sports
arc_Articlesxxee33.html,Sports
arc_Articlesxxee97.html,Sports
arc_Articlesxxee9f.html,Sports
arc_Articlesxxef52.html,Sports
arc_Articlesxxef53.html,Sports
arc_Articlesxxef5e.html,Economy
arc_Articlesxxef6a.html,Economy
arc_Articlesxxf035.html,Economy
arc_Articlesxxf09b.html,Sports
arc_Articlesxxf0e5.html,Economy
arc_Articlesxxf13c.html,Economy
arc_Articlesxxf1b0.html,Sports
arc_Articlesxxf2d9.html,Economy
arc_Articlesxxf358.html,Economy
arc_Articlesxxf376.html,Sports
arc_Articlesxxf3b1.html,Sports
arc_Articlesxxf43b.html,Sports
arc_Articlesxxf595.html,Sports
arc_Articlesxxf60b.html,Economy
arc_Articlesxxf646.html,Sports
arc_Articlesxxf67d.html,Economy
arc_Articlesxxf71c.html,Sports
arc_Articlesxxf732.html,Sports
arc_Articlesxxf885.html,Sports
arc_Articlesxxf8f2.html,Economy
arc_Articlesxxf902.html,Economy
arc_Articlesxxf91f.html,Sports
arc_Articlesxxf977.html,Economy
arc_Articlesxxf99f.html,Economy
arc_Articlesxxfac0.html,Sports
arc_Articlesxxfac5.html,Sports
arc_Articlesxxfb60.html,Economy
arc_Articlesxxfb96.html,Economy
arc_Articlesxxfbfd.html,Sports
arc_Articlesxxfc93.html,Sports
arc_Articlesxxfd00.html,Economy
arc_Articlesxxfda3.html,Sports
arc_Articlesxxfe0c.html,Sports
arc_Articlesxxfe43.html,Sports
arc_Articlesxxff07.html,Sports
arc_Articlesxxff20.html,Economy
arc_Articlesxxff26.html,Sports
arc_Articlesxxff2a.html,Sports
arc_Articlesxxffd0.html,Sports
arc_Articlesyy001b.html,Sports
arc_Articlesyy0035.html,Sports
arc_Articlesyy0038.html,Sports
arc_Articlesyy004f.html,Economy
arc_Articlesyy00c9.html,Sports
arc_Articlesyy00f2.html,Sports
arc_Articlesyy0115.html,Sports
arc_Articlesyy012e.html,Sports
arc_Articlesyy0178.html,Economy
arc_Articlesyy0180.html,Economy
arc_Articlesyy02c0.html,Economy
arc_Articlesyy0364.html,Sports
arc_Articlesyy03a2.html,Sports
arc_Articlesyy040f.html,Sports
arc_Articlesyy0434.html,Sports
arc_Articlesyy0450.html,Sports
arc_Articlesyy0453.html,Sports
arc_Articlesyy048e.html,Economy
arc_Articlesyy04af.html,Sports
arc_Articlesyy055b.html,Sports
arc_Articlesyy0579.html,Economy
arc_Articlesyy0613.html,Sports
arc_Articlesyy06b3.html,Sports
arc_Articlesyy06f4.html,Economy
arc_Articlesyy0796.html,Sports
arc_Articlesyy0814.html,Sports
arc_Articlesyy0898.html,Sports
arc_Articlesyy08a5.html,Economy
arc_Articlesyy08aa.html,Sports
arc_Articlesyy0b50.html,Sports
arc_Articlesyy0b61.html,Economy
arc_Articlesyy0be0.html,Sports
arc_Articlesyy0c9a.html,Economy
arc_Articlesyy0cac.html,Economy
arc_Articlesyy0d3a.html,Sports
arc_Articlesyy0d63.html,Sports
arc_Articlesyy0dc2.html,Economy
arc_Articlesyy0e39.html,Sports
arc_Articlesyy0e3a.html,Sports
arc_Articlesyy0ea8.html,Economy
arc_Articlesyy0edc.html,Economy
arc_Articlesyy0f04.html,Economy
arc_Articlesyy0f81.html,Economy
arc_Articlesyy0f87.html,Sports
arc_Articlesyy0f96.html,Economy
arc_Articlesyy0fa1.html,Economy
arc_Articlesyy0fb9.html,Sports
arc_Articlesyy1000.html,Economy
arc_Articlesyy10bb.html,Sports
arc_Articlesyy116b.html,Sports
arc_Articlesyy1183.html,Economy
arc_Articlesyy11e2.html,Sports
arc_Articlesyy124c.html,Sports
arc_Articlesyy12d0.html,Sports
arc_Articlesyy130e.html,Sports
arc_Articlesyy133e.html,Sports
arc_Articlesyy1346.html,Economy
arc_Articlesyy13f5.html,Sports
arc_Articlesyy146e.html,Sports
arc_Articlesyy14af.html,Economy
arc_Articlesyy15ee.html,Sports
arc_Articlesyy1614.html,Sports
arc_Articlesyy1616.html,Sports
arc_Articlesyy1617.html,Sports
arc_Articlesyy164f.html,Economy
arc_Articlesyy16bf.html,Sports
arc_Articlesyy1727.html,Sports
arc_Articlesyy17a0.html,Economy
arc_Articlesyy17ee.html,Sports
arc_Articlesyy17fa.html,Economy
arc_Articlesyy1870.html,Economy
arc_Articlesyy18a1.html,Sports
arc_Articlesyy18a6.html,Economy
arc_Articlesyy18ce.html,Sports
arc_Articlesyy18d7.html,Economy
arc_Articlesyy18ef.html,Sports
arc_Articlesyy18f9.html,Sports
arc_Articlesyy1904.html,Sports
arc_Articlesyy1905.html,Sports
arc_Articlesyy192c.html,Economy
arc_Articlesyy1967.html,Sports
arc_Articlesyy1a0b.html,Sports
arc_Articlesyy1a39.html,Sports
arc_Articlesyy1b04.html,Sports
arc_Articlesyy1b4d.html,Economy
arc_Articlesyy1b57.html,Sports
arc_Articlesyy1bd5.html,Sports
arc_Articlesyy1c89.html,Sports
arc_Articlesyy1d47.html,Sports
arc_Articlesyy1db2.html,Sports
arc_Articlesyy1dba.html,Sports
arc_Articlesyy1de7.html,Sports
arc_Articlesyy1dfb-2.html,Sports
arc_Articlesyy1dfb.html,Economy
arc_Articlesyy1dfd.html,Economy
arc_Articlesyy1e14.html,Economy
arc_Articlesyy1e49.html,Sports
arc_Articlesyy1edb-2.html,Sports
arc_Articlesyy1fa0.html,Sports
arc_Articlesyy1fec.html,Sports
arc_Articlesyy2105.html,Economy
arc_Articlesyy2106.html,Sports
arc_Articlesyy211d.html,Economy
arc_Articlesyy219b.html,Economy
arc_Articlesyy21bc.html,Sports
arc_Articlesyy224c.html,Sports
arc_Articlesyy225c.html,Economy
arc_Articlesyy226e.html,Sports
arc_Articlesyy22df.html,Sports
arc_Articlesyy2356.html,Sports
arc_Articlesyy237d.html,Sports
arc_Articlesyy23b4.html,Sports
arc_Articlesyy23f7.html,Economy
arc_Articlesyy247a.html,Sports
arc_Articlesyy24b5.html,Economy
arc_Articlesyy2538.html,Economy
arc_Articlesyy253a.html,Sports
arc_Articlesyy253f.html,Economy
arc_Articlesyy256b.html,Economy
arc_Articlesyy258e.html,Economy
arc_Articlesyy25bb.html,Economy
arc_Articlesyy2638.html,Sports
arc_Articlesyy26f3.html,Sports
arc_Articlesyy2727.html,Sports
arc_Articlesyy27ac.html,Sports
arc_Articlesyy27ef.html,Economy
arc_Articlesyy27f3.html,Sports
arc_Articlesyy283c.html,Economy
arc_Articlesyy286d.html,Sports
arc_Articlesyy28ff.html,Sports
arc_Articlesyy292b.html,Sports
arc_Articlesyy292e.html,Sports
arc_Articlesyy298f.html,Economy
arc_Articlesyy299b.html,Economy
arc_Articlesyy2a06.html,Sports
arc_Articlesyy2a0e.html,Sports
arc_Articlesyy2acf.html,Economy
arc_Articlesyy2b11.html,Sports
arc_Articlesyy2bec.html,Economy
arc_Articlesyy2bf2.html,Sports
arc_Articlesyy2c2d.html,Sports
arc_Articlesyy2c54.html,Sports
arc_Articlesyy2ce6.html,Sports
arc_Articlesyy2d4e.html,Sports
arc_Articlesyy2ed7.html,Sports
arc_Articlesyy302e.html,Sports
arc_Articlesyy30f2.html,Economy
arc_Articlesyy30f5.html,Economy
arc_Articlesyy3132.html,Sports
arc_Articlesyy315f.html,Sports
arc_Articlesyy31b0.html,Sports
arc_Articlesyy31c2.html,Sports
arc_Articlesyy324e.html,Economy
arc_Articlesyy326b.html,Economy
arc_Articlesyy32c4.html,Economy
arc_Articlesyy32cc.html,Economy
arc_Articlesyy32fe.html,Economy
arc_Articlesyy3353.html,Economy
arc_Articlesyy33aa.html,Sports
arc_Articlesyy33e8.html,Sports
arc_Articlesyy3472.html,Sports
arc_Articlesyy3486.html,Economy
arc_Articlesyy3511.html,Economy
arc_Articlesyy354a.html,Economy
arc_Articlesyy3585.html,Economy
arc_Articlesyy35a7.html,Economy
arc_Articlesyy35ae.html,Economy
arc_Articlesyy3648.html,Sports
arc_Articlesyy37e2.html,Sports
arc_Articlesyy3851.html,Economy
arc_Articlesyy3892.html,Sports
arc_Articlesyy38b3.html,Sports
arc_Articlesyy38e6.html,Sports
arc_Articlesyy38f9-2.html,Economy
arc_Articlesyy38f9.html,Economy
arc_Articlesyy3918.html,Sports
arc_Articlesyy395e.html,Economy
arc_Articlesyy3982.html,Sports
arc_Articlesyy39c3.html,Sports
arc_Articlesyy39e1.html,Economy
arc_Articlesyy3aab.html,Sports
arc_Articlesyy3acc.html,Sports
arc_Articlesyy3ba8.html,Sports
arc_Articlesyy3bc8.html,Economy
arc_Articlesyy3c05.html,Sports
arc_Articlesyy3c20.html,Sports
arc_Articlesyy3cb9.html,Sports
arc_Articlesyy3cbe.html,Economy
arc_Articlesyy3cec.html,Economy
arc_Articlesyy3d6c.html,Economy
arc_Articlesyy3dc4.html,Sports
arc_Articlesyy3e3e.html,Sports
arc_Articlesyy3e99.html,Sports
arc_Articlesyy3ead.html,Economy
arc_Articlesyy3eb6.html,Economy
arc_Articlesyy3efe.html,Economy
arc_Articlesyy3f4b-2.html,Economy
arc_Articlesyy3f9b.html,Sports
arc_Articlesyy401c.html,Sports
arc_Articlesyy4041.html,Economy
arc_Articlesyy4059.html,Sports
arc_Articlesyy40e4.html,Sports
arc_Articlesyy416b.html,Sports
arc_Articlesyy41d7.html,Economy
arc_Articlesyy4270.html,Sports
arc_Articlesyy42f2.html,Economy
arc_Articlesyy4378.html,Economy
arc_Articlesyy447e.html,Economy
arc_Articlesyy44ce.html,Sports
arc_Articlesyy44e3.html,Economy
arc_Articlesyy4508.html,Sports
arc_Articlesyy456a.html,Sports
arc_Articlesyy4605.html,Sports
arc_Articlesyy4622.html,Sports
arc_Articlesyy462b.html,Sports
arc_Articlesyy4693.html,Economy
arc_Articlesyy46bf.html,Economy
arc_Articlesyy46f2.html,Sports
arc_Articlesyy472c.html,Sports
arc_Articlesyy4827.html,Sports
arc_Articlesyy4856.html,Economy
arc_Articlesyy4888.html,Economy
arc_Articlesyy4889.html,Economy
arc_Articlesyy4a79.html,Sports
arc_Articlesyy4a8a.html,Economy
arc_Articlesyy4aa2.html,Sports
arc_Articlesyy4ab3.html,Economy
arc_Articlesyy4ad7.html,Sports
arc_Articlesyy4aeb.html,Sports
arc_Articlesyy4c43.html,Sports
arc_Articlesyy4d14.html,Economy
arc_Articlesyy4e25.html,Economy
arc_Articlesyy4f1c.html,Sports
arc_Articlesyy4fbc.html,Sports
arc_Articlesyy502b.html,Economy
arc_Articlesyy509d.html,Sports
arc_Articlesyy50b0.html,Sports
arc_Articlesyy5121.html,Sports
arc_Articlesyy51be.html,Economy
arc_Articlesyy5256.html,Sports
arc_Articlesyy5299.html,Sports
arc_Articlesyy530d.html,Sports
arc_Articlesyy53f1.html,Sports
arc_Articlesyy545a.html,Economy
arc_Articlesyy546f.html,Sports
arc_Articlesyy547b.html,Sports
arc_Articlesyy54bb.html,Sports
arc_Articlesyy5549.html,Sports
arc_Articlesyy5558.html,Sports
arc_Articlesyy55d5.html,Sports
arc_Articlesyy566f.html,Sports
arc_Articlesyy5688.html,Economy
arc_Articlesyy56e9.html,Sports
arc_Articlesyy56f5.html,Sports
arc_Articlesyy5762.html,Sports
arc_Articlesyy5792.html,Sports
arc_Articlesyy579c.html,Sports
arc_Articlesyy57cf.html,Sports
arc_Articlesyy59db.html,Sports
arc_Articlesyy59ef.html,Economy
arc_Articlesyy5a39.html,Sports
arc_Articlesyy5a4c.html,Sports
arc_Articlesyy5af2.html,Sports
arc_Articlesyy5b22.html,Sports
arc_Articlesyy5b47.html,Sports
arc_Articlesyy5b82.html,Economy
arc_Articlesyy5ba3.html,Sports
arc_Articlesyy5bc8.html,Sports
arc_Articlesyy5c43.html,Economy
arc_Articlesyy5cd0.html,Sports
arc_Articlesyy5cf8.html,Sports
arc_Articlesyy5dcc.html,Sports
arc_Articlesyy5dde.html,Sports
arc_Articlesyy5f4d.html,Sports
arc_Articlesyy5f56.html,Economy
arc_Articlesyy5f7c.html,Sports
arc_Articlesyy5fc6.html,Sports
arc_Articlesyy6039.html,Economy
arc_Articlesyy6052.html,Sports
arc_Articlesyy61d2.html,Sports
arc_Articlesyy62b9.html,Economy
arc_Articlesyy6336.html,Economy
arc_Articlesyy6347.html,Sports
arc_Articlesyy637c.html,Sports
arc_Articlesyy63ad.html,Sports
arc_Articlesyy63d3.html,Sports
arc_Articlesyy6479.html,Sports
arc_Articlesyy648c.html,Economy
arc_Articlesyy64ae-2.html,Sports
arc_Articlesyy64f8.html,Sports
arc_Articlesyy6533.html,Economy
arc_Articlesyy655c.html,Economy
arc_Articlesyy6599.html,Sports
arc_Articlesyy65c1.html,Sports
arc_Articlesyy65cf.html,Sports
arc_Articlesyy660f.html,Sports
arc_Articlesyy6699.html,Sports
arc_Articlesyy66a2.html,Economy
arc_Articlesyy6825.html,Sports
arc_Articlesyy689b.html,Economy
arc_Articlesyy68bf.html,Economy
arc_Articlesyy68ce.html,Economy
arc_Articlesyy69fe.html,Economy
arc_Articlesyy6a1c.html,Sports
arc_Articlesyy6a39.html,Economy
arc_Articlesyy6a50.html,Sports
arc_Articlesyy6a51.html,Sports
arc_Articlesyy6a93.html,Sports
arc_Articlesyy6b58.html,Sports
arc_Articlesyy6b84.html,Economy
arc_Articlesyy6c40.html,Sports
arc_Articlesyy6c43.html,Sports
arc_Articlesyy6c7f.html,Sports
arc_Articlesyy6c99.html,Sports
arc_Articlesyy6de8-2.html,Sports
arc_Articlesyy6de8.html,Sports
arc_Articlesyy6e1f.html,Sports
arc_Articlesyy6e8f.html,Sports
arc_Articlesyy6e99.html,Sports
arc_Articlesyy6f2a.html,Sports
arc_Articlesyy7014.html,Sports
arc_Articlesyy70aa.html,Sports
arc_Articlesyy70f3.html,Sports
arc_Articlesyy70fa.html,Sports
arc_Articlesyy716e.html,Sports
arc_Articlesyy7269.html,Economy
arc_Articlesyy72b8.html,Sports
arc_Articlesyy7337.html,Economy
arc_Articlesyy73a6.html,Economy
arc_Articlesyy73a9.html,Sports
arc_Articlesyy73ec.html,Sports
arc_Articlesyy7412.html,Sports
arc_Articlesyy75cf.html,Economy
arc_Articlesyy75f7.html,Sports
arc_Articlesyy760b.html,Sports
arc_Articlesyy7633.html,Sports
arc_Articlesyy7634.html,Sports
arc_Articlesyy7647.html,Economy
arc_Articlesyy7679.html,Sports
arc_Articlesyy7681.html,Sports
arc_Articlesyy76b0.html,Sports
arc_Articlesyy76fe.html,Sports
arc_Articlesyy7707.html,Sports
arc_Articlesyy775a.html,Sports
arc_Articlesyy78df.html,Sports
arc_Articlesyy7921.html,Sports
arc_Articlesyy7981-2.html,Economy
arc_Articlesyy7a60.html,Economy
arc_Articlesyy7aa8.html,Economy
arc_Articlesyy7b8d.html,Economy
arc_Articlesyy7ba2-2.html,Sports
arc_Articlesyy7bc8.html,Economy
arc_Articlesyy7bd1.html,Sports
arc_Articlesyy7c78.html,Sports
arc_Articlesyy7c98.html,Sports
arc_Articlesyy7cf4.html,Sports
arc_Articlesyy7dbe.html,Sports
arc_Articlesyy7e11.html,Sports
arc_Articlesyy7e16.html,Sports
arc_Articlesyy7e5e.html,Economy
arc_Articlesyy7e72.html,Economy
arc_Articlesyy7f4e.html,Economy
arc_Articlesyy7ffd.html,Sports
arc_Articlesyy812a.html,Economy
arc_Articlesyy816c.html,Sports
arc_Articlesyy81ad.html,Sports
arc_Articlesyy81d4.html,Sports
arc_Articlesyy81d6.html,Economy
arc_Articlesyy81f2.html,Sports
arc_Articlesyy8231.html,Economy
arc_Articlesyy8233.html,Sports
arc_Articlesyy8235.html,Economy
arc_Articlesyy82cf.html,Sports
arc_Articlesyy838a-2.html,Economy
arc_Articlesyy838a.html,Economy
arc_Articlesyy840c.html,Sports
arc_Articlesyy841f.html,Economy
arc_Articlesyy853d.html,Sports
arc_Articlesyy8556.html,Economy
arc_Articlesyy85d2.html,Economy
arc_Articlesyy8652.html,Economy
arc_Articlesyy8746.html,Economy
arc_Articlesyy8761.html,Sports
arc_Articlesyy87d8.html,Economy
arc_Articlesyy87e7-2.html,Sports
arc_Articlesyy87f7.html,Economy
arc_Articlesyy884b.html,Sports
arc_Articlesyy888b.html,Economy
arc_Articlesyy8891.html,Economy
arc_Articlesyy88d1.html,Sports
arc_Articlesyy88d4.html,Sports
arc_Articlesyy891a.html,Sports
arc_Articlesyy89cc.html,Economy
arc_Articlesyy8a34.html,Sports
arc_Articlesyy8a83.html,Economy
arc_Articlesyy8aef.html,Sports
arc_Articlesyy8b6b.html,Sports
arc_Articlesyy8b77.html,Sports
arc_Articlesyy8bb2.html,Sports
arc_Articlesyy8c18.html,Economy
arc_Articlesyy8c25.html,Economy
arc_Articlesyy8d09.html,Sports
arc_Articlesyy8d88.html,Sports
arc_Articlesyy8deb.html,Sports
arc_Articlesyy8e60.html,Economy
arc_Articlesyy8e68.html,Economy
arc_Articlesyy8e6a.html,Sports
arc_Articlesyy8e9b-2.html,Sports
arc_Articlesyy8f2b.html,Economy
arc_Articlesyy8f4e.html,Sports
arc_Articlesyy8f87.html,Economy
arc_Articlesyy9049.html,Economy
arc_Articlesyy9073.html,Sports
arc_Articlesyy9084.html,Economy
arc_Articlesyy90d5.html,Economy
arc_Articlesyy9283-2.html,Sports
arc_Articlesyy928f.html,Sports
arc_Articlesyy92c1.html,Sports
arc_Articlesyy92c7.html,Sports
arc_Articlesyy92d3.html,Economy
arc_Articlesyy92d8.html,Economy
arc_Articlesyy9348.html,Sports
arc_Articlesyy9382.html,Economy
arc_Articlesyy941f.html,Economy
arc_Articlesyy9423.html,Sports
arc_Articlesyy9450.html,Sports
arc_Articlesyy9527.html,Economy
arc_Articlesyy956f.html,Economy
arc_Articlesyy95a8.html,Sports
arc_Articlesyy96e4.html,Sports
arc_Articlesyy9711.html,Sports
arc_Articlesyy9793.html,Economy
arc_Articlesyy97bd.html,Sports
arc_Articlesyy97d1.html,Sports
arc_Articlesyy97e3.html,Sports
arc_Articlesyy982b.html,Economy
arc_Articlesyy9850.html,Sports
arc_Articlesyy9869.html,Sports
arc_Articlesyy9875-2.html,Sports
arc_Articlesyy9875.html,Sports
arc_Articlesyy98ad.html,Sports
arc_Articlesyy9926.html,Sports
arc_Articlesyy9954.html,Economy
arc_Articlesyy9959.html,Economy
arc_Articlesyy9973.html,Sports
arc_Articlesyy99bd.html,Sports
arc_Articlesyy9a42.html,Sports
arc_Articlesyy9a91.html,Sports
arc_Articlesyy9aa9.html,Economy
arc_Articlesyy9aab.html,Sports
arc_Articlesyy9b35.html,Sports
arc_Articlesyy9bbe.html,Sports
arc_Articlesyy9bca.html,Economy
arc_Articlesyy9be2.html,Economy
arc_Articlesyy9c09.html,Sports
arc_Articlesyy9c27.html,Sports
arc_Articlesyy9c64.html,Sports
arc_Articlesyy9c7b.html,Sports
arc_Articlesyy9c9c.html,Economy
arc_Articlesyy9d1c.html,Sports
arc_Articlesyy9d78.html,Economy
arc_Articlesyy9df5.html,Sports
arc_Articlesyy9e70.html,Economy
arc_Articlesyy9e92.html,Economy
arc_Articlesyy9ee8.html,Economy
arc_Articlesyy9f0d.html,Sports
arc_Articlesyy9f63.html,Sports
arc_Articlesyya047.html,Sports
arc_Articlesyya08a.html,Sports
arc_Articlesyya0bb.html,Sports
arc_Articlesyya139.html,Sports
arc_Articlesyya169.html,Economy
arc_Articlesyya1e9.html,Sports
arc_Articlesyya24e.html,Economy
arc_Articlesyya27e.html,Sports
arc_Articlesyya288.html,Sports
arc_Articlesyya2f1.html,Sports
arc_Articlesyya351.html,Sports
arc_Articlesyya364.html,Sports
arc_Articlesyya3bb.html,Sports
arc_Articlesyya3db.html,Sports
arc_Articlesyya3f2.html,Sports
arc_Articlesyya452.html,Economy
arc_Articlesyya49f.html,Sports
arc_Articlesyya4de.html,Economy
arc_Articlesyya4e2.html,Sports
arc_Articlesyya50f.html,Economy
arc_Articlesyya521.html,Sports
arc_Articlesyya694.html,Economy
arc_Articlesyya6a7.html,Economy
arc_Articlesyya6e2.html,Sports
arc_Articlesyya77e.html,Economy
arc_Articlesyya77f.html,Sports
arc_Articlesyya823.html,Sports
arc_Articlesyya86b.html,Sports
arc_Articlesyya901.html,Sports
arc_Articlesyya904.html,Sports
arc_Articlesyya98f.html,Economy
arc_Articlesyya9db.html,Economy
arc_Articlesyyaa01.html,Economy
arc_Articlesyyaa73.html,Sports
arc_Articlesyyab57.html,Sports
arc_Articlesyyac30.html,Economy
arc_Articlesyyac48.html,Sports
arc_Articlesyyac6a.html,Economy
arc_Articlesyyaca7.html,Economy
arc_Articlesyyacaf.html,Economy
arc_Articlesyyad12.html,Sports
arc_Articlesyyad35.html,Economy
arc_Articlesyyad64.html,Economy
arc_Articlesyyad6c.html,Sports
arc_Articlesyyad75.html,Sports
arc_Articlesyyada4.html,Economy
arc_Articlesyyadbc.html,Sports
arc_Articlesyyae20.html,Economy
arc_Articlesyyae31.html,Economy
arc_Articlesyyaea2.html,Sports
arc_Articlesyyaf34.html,Sports
arc_Articlesyyaf62.html,Sports
arc_Articlesyyafad.html,Sports
arc_Articlesyyafce.html,Sports
arc_Articlesyyb010.html,Sports
arc_Articlesyyb0d0.html,Sports
arc_Articlesyyb0fe.html,Sports
arc_Articlesyyb173.html,Sports
arc_Articlesyyb21d.html,Sports
arc_Articlesyyb28d.html,Economy
arc_Articlesyyb300.html,Sports
arc_Articlesyyb301.html,Sports
arc_Articlesyyb4b4.html,Sports
arc_Articlesyyb570.html,Economy
arc_Articlesyyb5d7.html,Sports
arc_Articlesyyb5e9.html,Sports
arc_Articlesyyb633.html,Economy
arc_Articlesyyb6ac.html,Sports
arc_Articlesyyb6d1.html,Economy
arc_Articlesyyb6dd.html,Sports
arc_Articlesyyb6e8.html,Sports
arc_Articlesyyb70a.html,Economy
arc_Articlesyyb7e3.html,Sports
arc_Articlesyyb832.html,Economy
arc_Articlesyyb856.html,Sports
arc_Articlesyyb905.html,Sports
arc_Articlesyyb912.html,Economy
arc_Articlesyyb936.html,Economy
arc_Articlesyyb93b.html,Economy
arc_Articlesyyb9ba.html,Sports
arc_Articlesyyb9f3.html,Sports
arc_Articlesyyb9f8.html,Sports
arc_Articlesyyba68.html,Sports
arc_Articlesyybabb.html,Economy
arc_Articlesyybadb.html,Sports
arc_Articlesyybb23.html,Economy
arc_Articlesyybb24.html,Economy
arc_Articlesyybb3e.html,Sports
arc_Articlesyybb41.html,Economy
arc_Articlesyybb5d.html,Sports
arc_Articlesyybbbd.html,Sports
arc_Articlesyybc00.html,Economy
arc_Articlesyybc1a.html,Economy
arc_Articlesyybc7d.html,Economy
arc_Articlesyybcaf.html,Sports
arc_Articlesyybcf6.html,Sports
arc_Articlesyybd1a.html,Sports
arc_Articlesyybd1e.html,Sports
arc_Articlesyybd4b.html,Economy
arc_Articlesyybd5d.html,Sports
arc_Articlesyybd6f.html,Sports
arc_Articlesyybd77.html,Sports
arc_Articlesyybe2f.html,Sports
arc_Articlesyybf1e.html,Sports
arc_Articlesyybfff.html,Economy
arc_Articlesyyc05a.html,Sports
arc_Articlesyyc08b.html,Sports
arc_Articlesyyc0db.html,Sports
arc_Articlesyyc0f5.html,Sports
arc_Articlesyyc12c.html,Sports
arc_Articlesyyc178.html,Economy
arc_Articlesyyc199.html,Sports
arc_Articlesyyc1cb.html,Economy
arc_Articlesyyc233.html,Sports
arc_Articlesyyc260.html,Economy
arc_Articlesyyc272.html,Economy
arc_Articlesyyc376.html,Sports
arc_Articlesyyc382.html,Sports
arc_Articlesyyc3d3.html,Economy
arc_Articlesyyc434.html,Economy
arc_Articlesyyc4be.html,Sports
arc_Articlesyyc4c7.html,Sports
arc_Articlesyyc509.html,Sports
arc_Articlesyyc5d1.html,Sports
arc_Articlesyyc603.html,Sports
arc_Articlesyyc60d.html,Sports
arc_Articlesyyc617.html,Sports
arc_Articlesyyc6f9.html,Sports
arc_Articlesyyc750.html,Sports
arc_Articlesyyc7b0.html,Economy
arc_Articlesyyc800.html,Sports
arc_Articlesyyc820.html,Sports
arc_Articlesyyc858.html,Sports
arc_Articlesyyc8fe.html,Sports
arc_Articlesyyc991.html,Sports
arc_Articlesyyc9fc.html,Economy
arc_Articlesyyca12.html,Sports
arc_Articlesyyca6a.html,Sports
arc_Articlesyyca8f.html,Economy
arc_Articlesyycb37.html,Economy
arc_Articlesyycb3c.html,Economy
arc_Articlesyycb60.html,Sports
arc_Articlesyycc79.html,Sports
arc_Articlesyyccbc.html,Sports
arc_Articlesyycdcb.html,Economy
arc_Articlesyyce14.html,Sports
arc_Articlesyyce1c.html,Sports
arc_Articlesyyce6f.html,Sports
arc_Articlesyyceae.html,Economy
arc_Articlesyycfd4.html,Sports
arc_Articlesyycff4.html,Economy
arc_Articlesyyd04c.html,Economy
arc_Articlesyyd0a4.html,Economy
arc_Articlesyyd0bc.html,Sports
arc_Articlesyyd0d3.html,Sports
arc_Articlesyyd12e-2.html,Sports
arc_Articlesyyd1ca.html,Economy
arc_Articlesyyd1d9.html,Sports
arc_Articlesyyd224.html,Sports
arc_Articlesyyd231.html,Economy
arc_Articlesyyd2f6.html,Sports
arc_Articlesyyd3a0.html,Sports
arc_Articlesyyd3c0.html,Economy
arc_Articlesyyd3de.html,Sports
arc_Articlesyyd41e.html,Economy
arc_Articlesyyd4b8.html,Sports
arc_Articlesyyd52d.html,Sports
arc_Articlesyyd538.html,Sports
arc_Articlesyyd57f.html,Sports
arc_Articlesyyd668.html,Economy
arc_Articlesyyd6f0.html,Sports
arc_Articlesyyd7a5-2.html,Sports
arc_Articlesyyd7f4.html,Sports
arc_Articlesyyd8cb.html,Sports
arc_Articlesyyd970.html,Sports
arc_Articlesyyd9e9.html,Sports
arc_Articlesyydc12.html,Sports
arc_Articlesyydc29.html,Sports
arc_Articlesyydc30.html,Economy
arc_Articlesyydc37.html,Economy
arc_Articlesyydc4f.html,Sports
arc_Articlesyydcc3.html,Sports
arc_Articlesyyddbd.html,Sports
arc_Articlesyydefc.html,Economy
arc_Articlesyydf46.html,Sports
arc_Articlesyydf95.html,Sports
arc_Articlesyye083.html,Sports
arc_Articlesyye1b1.html,Sports
arc_Articlesyye1bc.html,Sports
arc_Articlesyye1f1.html,Sports
arc_Articlesyye260.html,Sports
arc_Articlesyye275.html,Sports
arc_Articlesyye27f.html,Sports
arc_Articlesyye2ce.html,Economy
arc_Articlesyye353.html,Sports
arc_Articlesyye3e5.html,Sports
arc_Articlesyye487.html,Sports
arc_Articlesyye5ce.html,Sports
arc_Articlesyye663.html,Sports
arc_Articlesyye66c.html,Sports
arc_Articlesyye6b8.html,Economy
arc_Articlesyye73d.html,Sports
arc_Articlesyye792.html,Sports
arc_Articlesyye7b8.html,Sports
arc_Articlesyye7c7.html,Economy
arc_Articlesyye7d4.html,Economy
arc_Articlesyye8b7.html,Sports
arc_Articlesyye8e5.html,Sports
arc_Articlesyye918.html,Economy
arc_Articlesyye92a.html,Economy
arc_Articlesyyea68.html,Sports
arc_Articlesyyead8.html,Sports
arc_Articlesyyeadb.html,Economy
arc_Articlesyyeb00.html,Sports
arc_Articlesyyeb2b.html,Sports
arc_Articlesyyeb31.html,Sports
arc_Articlesyyeb5e.html,Economy
arc_Articlesyyeb8f.html,Sports
arc_Articlesyyec61.html,Economy
arc_Articlesyyed4c.html,Sports
arc_Articlesyyee13.html,Sports
arc_Articlesyyee58.html,Economy
arc_Articlesyyee8a.html,Economy
arc_Articlesyyef2b.html,Sports
arc_Articlesyyefc1.html,Economy
arc_Articlesyyefdf.html,Sports
arc_Articlesyyeff7.html,Sports
arc_Articlesyyf019.html,Sports
arc_Articlesyyf044.html,Sports
arc_Articlesyyf067.html,Economy
arc_Articlesyyf073.html,Economy
arc_Articlesyyf10b.html,Sports
arc_Articlesyyf10e.html,Economy
arc_Articlesyyf139.html,Economy
arc_Articlesyyf1a2.html,Economy
arc_Articlesyyf1ba.html,Economy
arc_Articlesyyf253-2.html,Sports
arc_Articlesyyf253.html,Economy
arc_Articlesyyf26f.html,Economy
arc_Articlesyyf2d5.html,Sports
arc_Articlesyyf32d.html,Economy
arc_Articlesyyf347.html,Sports
arc_Articlesyyf362.html,Economy
arc_Articlesyyf496.html,Sports
arc_Articlesyyf4b1.html,Sports
arc_Articlesyyf4b7.html,Sports
arc_Articlesyyf4cd.html,Economy
arc_Articlesyyf4ff.html,Economy
arc_Articlesyyf527.html,Sports
arc_Articlesyyf570.html,Sports
arc_Articlesyyf5ca.html,Sports
arc_Articlesyyf612.html,Sports
arc_Articlesyyf702.html,Economy
arc_Articlesyyf964.html,Sports
arc_Articlesyyf970.html,Economy
arc_Articlesyyf9a0.html,Economy
arc_Articlesyyfa1e.html,Economy
arc_Articlesyyfa40.html,Economy
arc_Articlesyyfa90.html,Economy
arc_Articlesyyfb47.html,Sports
arc_Articlesyyfb7c.html,Sports
arc_Articlesyyfb9a.html,Economy
arc_Articlesyyfbe5.html,Sports
arc_Articlesyyfc00.html,Sports
arc_Articlesyyfc35.html,Sports
arc_Articlesyyfc58.html,Sports
arc_Articlesyyfcdf.html,Economy
arc_Articlesyyfd70.html,Economy
arc_Articlesyyfdef.html,Sports
arc_Articlesyyfe79.html,Sports
arc_Articlesyyfe96.html,Economy
arc_Articlesyyff44.html,Economy
arc_Articlesyyff50.html,Sports
arc_Articlesyyff97.html,Sports
arc_Articlesyyffc4.html,Sports
arc_Articlesyyffdc.html,Sports
arc_Articleszz000c.html,Sports
arc_Articleszz0179.html,Sports
arc_Articleszz0183.html,Sports
arc_Articleszz0186.html,Sports
arc_Articleszz01b8.html,Sports
arc_Articleszz028f.html,Sports
arc_Articleszz03ae.html,Economy
arc_Articleszz0400.html,Sports
arc_Articleszz0486.html,Economy
arc_Articleszz048b.html,Economy
arc_Articleszz049e.html,Sports
arc_Articleszz0569.html,Sports
arc_Articleszz05a3.html,Economy
arc_Articleszz0670.html,Sports
arc_Articleszz06c2.html,Sports
arc_Articleszz0727.html,Economy
arc_Articleszz07e2.html,Sports
arc_Articleszz089f.html,Economy
arc_Articleszz08f0.html,Economy
arc_Articleszz08fe.html,Economy
arc_Articleszz092e.html,Economy
arc_Articleszz0959.html,Sports
arc_Articleszz0a14.html,Economy
arc_Articleszz0a2e.html,Economy
arc_Articleszz0a72.html,Economy
arc_Articleszz0b24.html,Economy
arc_Articleszz0b35.html,Economy
arc_Articleszz0c7f.html,Economy
arc_Articleszz0da1.html,Sports
arc_Articleszz0e8f.html,Sports
arc_Articleszz0efc.html,Economy
arc_Articleszz0fb4.html,Sports
arc_Articleszz1112.html,Economy
arc_Articleszz1169.html,Economy
arc_Articleszz11c3.html,Sports
arc_Articleszz12a5.html,Sports
arc_Articleszz135e.html,Economy
arc_Articleszz1466.html,Sports
arc_Articleszz1547.html,Sports
arc_Articleszz1570.html,Economy
arc_Articleszz15a3.html,Sports
arc_Articleszz15f9.html,Sports
arc_Articleszz16fa.html,Sports
arc_Articleszz1700.html,Sports
arc_Articleszz170c.html,Economy
arc_Articleszz177f.html,Economy
arc_Articleszz1841.html,Economy
arc_Articleszz1918.html,Sports
arc_Articleszz1a4b.html,Economy
arc_Articleszz1a69.html,Sports
arc_Articleszz1a89.html,Economy
arc_Articleszz1ac9.html,Sports
arc_Articleszz1bd1.html,Sports
arc_Articleszz1bfb.html,Economy
arc_Articleszz1c0a.html,Sports
arc_Articleszz1c13.html,Economy
arc_Articleszz1c97.html,Sports
arc_Articleszz1d54.html,Sports
arc_Articleszz1d93.html,Sports
arc_Articleszz1e48.html,Economy
arc_Articleszz1e91.html,Economy
arc_Articleszz1eb5.html,Sports
arc_Articleszz1f6d.html,Sports
arc_Articleszz1fb9.html,Sports
arc_Articleszz2048.html,Sports
arc_Articleszz211e.html,Sports
arc_Articleszz214a.html,Economy
arc_Articleszz2194.html,Sports
arc_Articleszz21ce.html,Economy
arc_Articleszz21fe.html,Sports
arc_Articleszz2208.html,Sports
arc_Articleszz2234.html,Sports
arc_Articleszz229a.html,Sports
arc_Articleszz22a7.html,Economy
arc_Articleszz230a.html,Sports
arc_Articleszz23c0.html,Sports
arc_Articleszz2451.html,Sports
arc_Articleszz2465.html,Sports
arc_Articleszz24cd.html,Sports
arc_Articleszz2506.html,Sports
arc_Articleszz250d.html,Sports
arc_Articleszz2521.html,Sports
arc_Articleszz256e.html,Sports
arc_Articleszz25ce.html,Economy
arc_Articleszz25fc.html,Economy
arc_Articleszz2631.html,Economy
arc_Articleszz26a3.html,Economy
arc_Articleszz27b7.html,Economy
arc_Articleszz28c5.html,Sports
arc_Articleszz2a23.html,Economy
arc_Articleszz2b3d.html,Sports
arc_Articleszz2c63.html,Sports
arc_Articleszz2d46.html,Economy
arc_Articleszz2d56.html,Sports
arc_Articleszz2db7.html,Economy
arc_Articleszz2e69.html,Sports
arc_Articleszz2eb9.html,Sports
arc_Articleszz2f59.html,Economy
arc_Articleszz3005.html,Economy
arc_Articleszz3097.html,Sports
arc_Articleszz3133.html,Economy
arc_Articleszz3200.html,Economy
arc_Articleszz328a.html,Sports
arc_Articleszz3302.html,Sports
arc_Articleszz3579.html,Sports
arc_Articleszz3637.html,Sports
arc_Articleszz366a.html,Sports
arc_Articleszz36dd.html,Economy
arc_Articleszz375b.html,Sports
arc_Articleszz382f.html,Sports
arc_Articleszz39d3.html,Economy
arc_Articleszz39ff.html,Economy
arc_Articleszz3aba.html,Sports
arc_Articleszz3acf.html,Sports
arc_Articleszz3b79.html,Sports
arc_Articleszz3bec.html,Economy
arc_Articleszz3c4a.html,Economy
arc_Articleszz3c85.html,Sports
arc_Articleszz3d20.html,Sports
arc_Articleszz3e45.html,Sports
arc_Articleszz3ed8.html,Sports
arc_Articleszz3eec.html,Economy
arc_Articleszz3f05.html,Economy
arc_Articleszz3f47.html,Economy
arc_Articleszz3f6e.html,Economy
arc_Articleszz3fdd.html,Economy
arc_Articleszz4077.html,Economy
arc_Articleszz410e.html,Sports
arc_Articleszz4157.html,Economy
arc_Articleszz4191.html,Economy
arc_Articleszz42f4.html,Economy
arc_Articleszz4318.html,Sports
arc_Articleszz4321.html,Economy
arc_Articleszz436f.html,Sports
arc_Articleszz437a.html,Economy
arc_Articleszz43af.html,Sports
arc_Articleszz447c.html,Economy
arc_Articleszz456b.html,Economy
arc_Articleszz45c7.html,Sports
arc_Articleszz4692.html,Sports
arc_Articleszz46da.html,Economy
arc_Articleszz46fe.html,Sports
arc_Articleszz4759.html,Economy
arc_Articleszz49e0.html,Sports
arc_Articleszz49e9.html,Sports
arc_Articleszz4a49.html,Sports
arc_Articleszz4b96.html,Sports
arc_Articleszz4bfc.html,Sports
arc_Articleszz4c70.html,Sports
arc_Articleszz4c92.html,Economy
arc_Articleszz4d03.html,Economy
arc_Articleszz4df6.html,Sports
arc_Articleszz4e18.html,Economy
arc_Articleszz4f6b.html,Sports
arc_Articleszz4fa9.html,Economy
arc_Articleszz5105.html,Sports
arc_Articleszz513b.html,Economy
arc_Articleszz5224.html,Sports
arc_Articleszz525c.html,Economy
arc_Articleszz5344.html,Economy
arc_Articleszz542f.html,Sports
arc_Articleszz545b.html,Economy
arc_Articleszz552b.html,Sports
arc_Articleszz5593.html,Sports
arc_Articleszz55cd.html,Economy
arc_Articleszz5615.html,Economy
arc_Articleszz56c6.html,Economy
arc_Articleszz56f7.html,Economy
arc_Articleszz57f0.html,Sports
arc_Articleszz580f.html,Sports
arc_Articleszz5a42.html,Sports
arc_Articleszz5aa0.html,Economy
arc_Articleszz5ab9.html,Sports
arc_Articleszz5b0a.html,Sports
arc_Articleszz5b8d.html,Economy
arc_Articleszz5b90.html,Sports
arc_Articleszz5bab.html,Economy
arc_Articleszz5c11.html,Economy
arc_Articleszz5c6b.html,Economy
arc_Articleszz5cca.html,Sports
arc_Articleszz5d24.html,Sports
arc_Articleszz5dc9.html,Sports
arc_Articleszz5e5e.html,Economy
arc_Articleszz5ff3.html,Sports
arc_Articleszz602f.html,Economy
arc_Articleszz6189.html,Sports
arc_Articleszz6195.html,Economy
arc_Articleszz635d.html,Sports
arc_Articleszz63b3.html,Sports
arc_Articleszz6440.html,Sports
arc_Articleszz661a.html,Sports
arc_Articleszz66d3.html,Economy
arc_Articleszz66e0.html,Economy
arc_Articleszz674a.html,Sports
arc_Articleszz6770.html,Sports
arc_Articleszz6842.html,Sports
arc_Articleszz694a.html,Sports
arc_Articleszz698c.html,Economy
arc_Articleszz699d.html,Economy
arc_Articleszz69b5.html,Economy
arc_Articleszz69e2.html,Economy
arc_Articleszz69fe.html,Economy
arc_Articleszz6a01.html,Economy
arc_Articleszz6a07.html,Sports
arc_Articleszz6b3a.html,Sports
arc_Articleszz6bc3.html,Sports
arc_Articleszz6c20.html,Sports
arc_Articleszz6c3a.html,Sports
arc_Articleszz6c5c.html,Sports
arc_Articleszz6c70.html,Sports
arc_Articleszz6cd4.html,Sports
arc_Articleszz6cde.html,Sports
arc_Articleszz6d1e.html,Sports
arc_Articleszz6e95.html,Economy
arc_Articleszz6f06.html,Economy
arc_Articleszz6f8f.html,Sports
arc_Articleszz6fd0.html,Sports
arc_Articleszz70d8.html,Sports
arc_Articleszz70e5.html,Economy
arc_Articleszz728c.html,Economy
arc_Articleszz7324.html,Economy
arc_Articleszz7327.html,Economy
arc_Articleszz733c.html,Economy
arc_Articleszz741b.html,Sports
arc_Articleszz7484.html,Sports
arc_Articleszz756a.html,Economy
arc_Articleszz75a7.html,Sports
arc_Articleszz77f9.html,Sports
arc_Articleszz7878.html,Sports
arc_Articleszz7a41.html,Sports
arc_Articleszz7ae1.html,Sports
arc_Articleszz7b18.html,Economy
arc_Articleszz7c42.html,Sports
arc_Articleszz7c97.html,Economy
arc_Articleszz7cba.html,Economy
arc_Articleszz7e2a.html,Economy
arc_Articleszz7e7e.html,Sports
arc_Articleszz7f29.html,Sports
arc_Articleszz8077.html,Economy
arc_Articleszz8088.html,Economy
arc_Articleszz8134.html,Economy
arc_Articleszz81bf.html,Sports
arc_Articleszz81da.html,Economy
arc_Articleszz83a6.html,Sports
arc_Articleszz84a6.html,Economy
arc_Articleszz84d0.html,Sports
arc_Articleszz851e.html,Economy
arc_Articleszz8602.html,Economy
arc_Articleszz8608.html,Sports
arc_Articleszz862d.html,Economy
arc_Articleszz86c0.html,Sports
arc_Articleszz86ee.html,Sports
arc_Articleszz874b.html,Economy
arc_Articleszz8789.html,Economy
arc_Articleszz88a0.html,Sports
arc_Articleszz89fa.html,Economy
arc_Articleszz8a8f.html,Sports
arc_Articleszz8ad1.html,Sports
arc_Articleszz8c28.html,Sports
arc_Articleszz8c9f.html,Sports
arc_Articleszz8ccd.html,Sports
arc_Articleszz8d3a.html,Economy
arc_Articleszz8da0.html,Economy
arc_Articleszz8db9.html,Economy
arc_Articleszz8dc3.html,Sports
arc_Articleszz8e23.html,Economy
arc_Articleszz8f7c.html,Sports
arc_Articleszz8fcc.html,Economy
arc_Articleszz9054.html,Sports
arc_Articleszz9102.html,Sports
arc_Articleszz9179.html,Economy
arc_Articleszz9191.html,Sports
arc_Articleszz9310.html,Economy
arc_Articleszz932d.html,Sports
arc_Articleszz9417.html,Economy
arc_Articleszz9445.html,Economy
arc_Articleszz94a2.html,Economy
arc_Articleszz951f.html,Sports
arc_Articleszz96b0.html,Sports
arc_Articleszz97c1.html,Sports
arc_Articleszz97ed.html,Economy
arc_Articleszz983a.html,Economy
arc_Articleszz98b7.html,Economy
arc_Articleszz99a2.html,Economy
arc_Articleszz99c3.html,Sports
arc_Articleszz9a3d.html,Sports
arc_Articleszz9a6c.html,Sports
arc_Articleszz9b3f.html,Sports
arc_Articleszz9bae.html,Sports
arc_Articleszz9bd6.html,Economy
arc_Articleszz9c03.html,Economy
arc_Articleszz9d7f.html,Sports
arc_Articleszz9dc1.html,Sports
arc_Articleszz9dde.html,Sports
arc_Articleszz9e29.html,Economy
arc_Articleszz9eb2.html,Sports
arc_Articleszz9f91.html,Economy
arc_Articleszza11c.html,Economy
arc_Articleszza15a.html,Sports
arc_Articleszza1a4.html,Economy
arc_Articleszza1a5.html,Sports
arc_Articleszza1ad.html,Economy
arc_Articleszza1c5.html,Sports
arc_Articleszza204.html,Economy
arc_Articleszza22f.html,Economy
arc_Articleszza321.html,Sports
arc_Articleszza3d3.html,Sports
arc_Articleszza432.html,Sports
arc_Articleszza473.html,Sports
arc_Articleszza55d.html,Sports
arc_Articleszza5c3.html,Sports
arc_Articleszza61b.html,Sports
arc_Articleszza641.html,Sports
arc_Articleszza653.html,Sports
arc_Articleszza687.html,Sports
arc_Articleszza703.html,Sports
arc_Articleszza822.html,Economy
arc_Articleszza83c.html,Sports
arc_Articleszza8d8.html,Sports
arc_Articleszza8eb.html,Economy
arc_Articleszza8f5.html,Economy
arc_Articleszza91b.html,Sports
arc_Articleszza940.html,Economy
arc_Articleszzab6d.html,Sports
arc_Articleszzabc3.html,Sports
arc_Articleszzaca0.html,Economy
arc_Articleszzad86.html,Sports
arc_Articleszzadb1.html,Sports
arc_Articleszzae54.html,Sports
arc_Articleszzaed3.html,Economy
arc_Articleszzaf37.html,Sports
arc_Articleszzaf56.html,Sports
arc_Articleszzafac.html,Sports
arc_Articleszzb099.html,Sports
arc_Articleszzb0fe.html,Sports
arc_Articleszzb14b.html,Economy
arc_Articleszzb2df.html,Economy
arc_Articleszzb3c3.html,Sports
arc_Articleszzb3e0.html,Sports
arc_Articleszzb4ec.html,Economy
arc_Articleszzb528.html,Economy
arc_Articleszzb571.html,Sports
arc_Articleszzb5b9.html,Economy
arc_Articleszzb704.html,Sports
arc_Articleszzb738.html,Sports
arc_Articleszzb7c5.html,Economy
arc_Articleszzb806.html,Economy
arc_Articleszzb80f.html,Sports
arc_Articleszzb890.html,Sports
arc_Articleszzb8a2.html,Economy
arc_Articleszzb8f5.html,Economy
arc_Articleszzb944.html,Economy
arc_Articleszzbb2e.html,Economy
arc_Articleszzbb7f.html,Economy
arc_Articleszzbbc4.html,Economy
arc_Articleszzbd11.html,Economy
arc_Articleszzbd74-2.html,Economy
arc_Articleszzbd74.html,Economy
arc_Articleszzbdbf.html,Sports
arc_Articleszzbdd1.html,Sports
arc_Articleszzbe13.html,Economy
arc_Articleszzbe61.html,Sports
arc_Articleszzbe88.html,Sports
arc_Articleszzbfcf.html,Sports
arc_Articleszzc002.html,Sports
arc_Articleszzc152.html,Economy
arc_Articleszzc18d.html,Sports
arc_Articleszzc18e.html,Sports
arc_Articleszzc1bd.html,Economy
arc_Articleszzc209.html,Economy
arc_Articleszzc226.html,Sports
arc_Articleszzc2ad.html,Economy
arc_Articleszzc341.html,Sports
arc_Articleszzc355.html,Sports
arc_Articleszzc363.html,Sports
arc_Articleszzc4eb.html,Sports
arc_Articleszzc595.html,Economy
arc_Articleszzc5af.html,Sports
arc_Articleszzc611.html,Sports
arc_Articleszzc619.html,Economy
arc_Articleszzc711.html,Economy
arc_Articleszzc813.html,Economy
arc_Articleszzc8ce.html,Sports
arc_Articleszzc94c.html,Sports
arc_Articleszzc961.html,Sports
arc_Articleszzca7a.html,Sports
arc_Articleszzca82.html,Sports
arc_Articleszzcbad.html,Sports
arc_Articleszzcca9.html,Economy
arc_Articleszzcdac.html,Sports
arc_Articleszzce1a.html,Economy
arc_Articleszzce6e.html,Sports
arc_Articleszzd002.html,Sports
arc_Articleszzd23d.html,Economy
arc_Articleszzd277.html,Sports
arc_Articleszzd304.html,Sports
arc_Articleszzd328.html,Economy
arc_Articleszzd393.html,Economy
arc_Articleszzd652.html,Economy
arc_Articleszzd6c6.html,Economy
arc_Articleszzd6ce.html,Economy
arc_Articleszzd744.html,Sports
arc_Articleszzd96a.html,Sports
arc_Articleszzd9ee.html,Economy
arc_Articleszzd9f6.html,Sports
arc_Articleszzda8c.html,Sports
arc_Articleszzdaa9.html,Sports
arc_Articleszzdbab.html,Sports
arc_Articleszzdbea.html,Economy
arc_Articleszzdc76.html,Sports
arc_Articleszzddef.html,Economy
arc_Articleszzded4.html,Economy
arc_Articleszzdf17.html,Economy
arc_Articleszzdf5a.html,Economy
arc_Articleszze054.html,Sports
arc_Articleszze1a0.html,Sports
arc_Articleszze242.html,Sports
arc_Articleszze24a.html,Economy
arc_Articleszze291.html,Sports
arc_Articleszze2a4.html,Sports
arc_Articleszze2d8.html,Sports
arc_Articleszze328.html,Sports
arc_Articleszze3ed.html,Sports
arc_Articleszze41c.html,Economy
arc_Articleszze430.html,Economy
arc_Articleszze49a.html,Economy
arc_Articleszze502.html,Economy
arc_Articleszze534.html,Sports
arc_Articleszze551.html,Sports
arc_Articleszze75c.html,Sports
arc_Articleszze7a3.html,Sports
arc_Articleszze7c7.html,Sports
arc_Articleszze858.html,Sports
arc_Articleszze85e.html,Economy
arc_Articleszze862.html,Sports
arc_Articleszze8e5.html,Economy
arc_Articleszze95a.html,Economy
arc_Articleszzea15.html,Sports
arc_Articleszzea2d.html,Economy
arc_Articleszzeb0d.html,Sports
arc_Articleszzec50.html,Sports
arc_Articleszzed25.html,Economy
arc_Articleszzed32.html,Sports
arc_Articleszzed33.html,Sports
arc_Articleszzedd3.html,Sports
arc_Articleszzee4d.html,Sports
arc_Articleszzee6b.html,Sports
arc_Articleszzf01b.html,Sports
arc_Articleszzf03b.html,Sports
arc_Articleszzf0c0.html,Economy
arc_Articleszzf0f9.html,Sports
arc_Articleszzf159.html,Economy
arc_Articleszzf1a4.html,Sports
arc_Articleszzf207.html,Economy
arc_Articleszzf2c2.html,Economy
arc_Articleszzf2c7.html,Sports
arc_Articleszzf359.html,Sports
arc_Articleszzf41c.html,Economy
arc_Articleszzf4a8.html,Sports
arc_Articleszzf55a.html,Sports
arc_Articleszzf773.html,Sports
arc_Articleszzf7c5.html,Sports
arc_Articleszzf822.html,Economy
arc_Articleszzf912.html,Economy
arc_Articleszzf928.html,Sports
arc_Articleszzf992.html,Sports
arc_Articleszzf9e2.html,Sports
arc_Articleszzfb30.html,Sports
arc_Articleszzfc32.html,Sports
arc_Articleszzfc59.html,Economy
arc_Articleszzfc7d.html,Sports
arc_Articleszzfcfc.html,Economy
arc_Articleszzfd53.html,Economy
arc_Articleszzfd74.html,Economy
arc_Articleszzfe1f.html,Economy
